; CSV, generated by libsigrok4DSL 0.2.0 on Wed Aug 26 11:54:54 2026
; Channels (4/4)
; Sample rate: 50 MHz
; Sample count: 2.500608 M Samples
Time(s), /RESET, /WR, IC134 /WE, IC144 /WE
0,0,0,0,0
0.00500182,0,1,0,0
0.00500184,0,0,0,0
0.00500188,0,1,0,0
0.0050019,1,1,0,1
0.00500192,0,0,0,0
0.00555808,0,0,1,1
0.0056581,1,0,1,1
0.00565812,0,0,1,1
0.0056601,1,0,1,1
0.00566012,0,0,1,1
0.00566024,1,0,1,1
0.00566026,0,0,1,1
0.00566076,1,0,1,1
0.00566078,0,0,1,1
0.00566094,1,0,1,1
0.00566096,0,0,1,1
0.00566108,1,0,1,1
0.0056611,0,0,1,1
0.0056613,1,0,1,1
0.00566132,0,0,1,1
0.00566134,1,0,1,1
0.00566136,0,0,1,1
0.00566138,1,0,1,1
0.00566146,0,0,1,1
0.00566148,1,0,1,1
0.0056615,0,0,1,1
0.00566152,1,0,1,1
0.00566154,0,0,1,1
0.00566156,1,0,1,1
0.0056616,0,0,1,1
0.00566168,1,0,1,1
0.0056617,0,0,1,1
0.00566172,1,0,1,1
0.00566176,0,0,1,1
0.00566178,1,0,1,1
0.0056618,0,0,1,1
0.00566184,1,0,1,1
0.0056619,0,0,1,1
0.00566192,1,0,1,1
0.00566196,0,0,1,1
0.00566198,1,0,1,1
0.00566202,0,0,1,1
0.00566204,1,0,1,1
0.00566208,0,0,1,1
0.0056621,1,0,1,1
0.00566212,0,0,1,1
0.00566216,1,0,1,1
0.00566226,0,0,1,1
0.00566228,1,0,1,1
0.00566232,0,0,1,1
0.00566234,1,0,1,1
0.00566238,0,0,1,1
0.0056624,1,0,1,1
0.00566244,0,0,1,1
0.00566246,1,0,1,1
0.00566252,0,0,1,1
0.00566254,1,0,1,1
0.00566256,0,0,1,1
0.00566258,1,0,1,1
0.00566262,0,0,1,1
0.00566264,1,0,1,1
0.00566268,0,0,1,1
0.0056627,1,0,1,1
0.00566286,0,0,1,1
0.00566288,1,0,1,1
0.00566292,0,0,1,1
0.00566294,1,0,1,1
0.00566336,0,0,1,1
0.00566338,1,0,1,1
0.00566342,0,0,1,1
0.00566344,1,0,1,1
0.00566452,0,0,1,1
0.00566454,1,0,1,1
0.00566516,0,0,1,1
0.00566518,1,0,1,1
0.00566542,0,0,1,1
0.00566544,1,0,1,1
0.00579738,1,1,1,1
0.00586116,0,1,1,1
0.00586118,1,1,1,1
0.0058612,0,1,1,1
0.00586122,1,1,1,1
0.00586132,0,1,1,1
0.00586138,1,1,1,1
0.00586142,0,1,1,1
0.00586158,1,1,1,1
0.0058619,0,1,1,1
0.00586192,1,1,1,1
0.00586194,0,1,1,1
0.00586198,1,1,1,1
0.005862,0,1,1,1
0.00586212,1,1,1,1
0.00586214,0,1,1,1
0.00586254,1,1,1,1
0.00586256,0,1,1,1
0.00587222,1,1,1,1
0.00587674,1,0,1,1
0.00587724,1,1,1,1
0.00587814,1,0,1,1
0.00587862,1,1,1,1
0.00588186,1,0,1,1
0.00588234,1,1,1,1
0.00588324,1,0,1,1
0.0058837,1,1,1,1
0.00588684,1,0,1,1
0.00588732,1,1,1,1
0.0058882,1,0,1,1
0.00588866,1,1,1,1
0.00589176,1,0,1,1
0.00589222,1,1,1,1
0.00589308,1,0,1,1
0.00589354,1,1,1,1
0.00589656,1,0,1,1
0.00589702,1,1,1,1
0.00589786,1,0,1,1
0.00589832,1,1,1,1
0.00590128,1,0,1,1
0.00590172,1,1,1,1
0.00590256,1,0,1,1
0.00590298,1,1,1,1
0.00590592,1,0,1,1
0.00590634,1,1,1,1
0.00590716,1,0,1,1
0.0059076,1,1,1,1
0.00591048,1,0,1,1
0.0059109,1,1,1,1
0.0059117,1,0,1,1
0.00591212,1,1,1,1
0.00591894,1,0,1,1
0.00591936,1,1,1,1
0.00592014,1,0,1,1
0.00592054,1,1,1,1
0.00592756,1,0,1,1
0.00592796,1,1,1,1
0.0059287,1,0,1,1
0.00592912,1,1,1,1
0.00593176,1,0,1,1
0.00593216,1,1,1,1
0.0059329,1,0,1,1
0.0059333,1,1,1,1
0.00594184,1,0,1,1
0.00594222,1,1,1,1
0.00594294,1,0,1,1
0.00594332,1,1,1,1
0.00594586,1,0,1,1
0.00594624,1,1,1,1
0.00594694,1,0,1,1
0.00594732,1,1,1,1
0.00594982,1,0,1,1
0.00595018,1,1,1,1
0.00595088,1,0,1,1
0.00595124,1,1,1,1
0.00595372,1,0,1,1
0.00595408,1,1,1,1
0.00595478,1,0,1,1
0.00595514,1,1,1,1
0.00595898,1,0,1,1
0.00595932,1,1,1,1
0.00596,1,0,1,1
0.00596036,1,1,1,1
0.00596412,1,0,1,1
0.00596448,1,1,1,1
0.00596514,1,0,1,1
0.0059655,1,1,1,1
0.00598388,1,0,1,1
0.00598422,1,1,1,1
0.00598488,1,0,1,1
0.00598522,1,1,1,1
