"Reference","Qty","Value"
"C1","1","100nF"
"C2","1","33"
"C4","1","100pF"
"C6","1","100μF"
"C7","1","100nF"
"C8","1","22nF"
"C9","1","100pF"
"C10","1","100pF"
"C11","1","4.7nF"
"C12","1","100pF"
"C13","1","1000μF"
"C14","1","10μF"
"C15","1","10μF"
"C16","1","10μF"
"C17","1","10μF"
"C20","1","22nF"
"C21","1","470μF"
"C22","1","100nF"
"C23","1","100nF"
"C24","1","100nF"
"C25","1","100nF"
"C26","1","100nF"
"C27","1","10nF"
"C28","1","10nF"
"C29","1","100pF"
"C30","1","100nF"
"C31","1","100nF"
"C32","1","100nF"
"C33","1","100nF"
"C34","1","100nF"
"C35","1","100nF"
"C36","1","100nF"
"C37","1","100nF"
"C38","1","100nF"
"C39","1","100nF"
"C40","1","100nF"
"C41","1","100nF"
"C42","1","100nF"
"C43","1","100nF"
"C44","1","100nF"
"C45","1","100nF"
"C46","1","100nF"
"C47","1","100nF"
"C48","1","100nF"
"C49","1","100nF"
"C50","1","100nF"
"C51","1","100nF"
"C52","1","100nF"
"C53","1","100nF"
"D2","1","D"
"IC1","1","MUX_D0840006PSC"
"IC2","1","27C512"
"IC3","1","74LS245"
"IC4","1","GAL16V8"
"IC5","1","74LS245"
"IC6","1","74LS138"
"IC7","1","74LS245"
"IC8","1","74LS373"
"IC9","1","74LS244"
"IC10","1","74LS244"
"IC11","1","74LS08"
"IC12","1","74LS74"
"IC13","1","74LS368"
"IC14","1","74LS74"
"IC15","1","74LS32"
"IC16","1","74LS32"
"IC17","1","74LS11"
"IC18","1","27C2001"
"IC19","1","27C512"
"IC20","1","HM62256BLP"
"IC21","1","74LS245"
"IC22","1","74LS174"
"IC23","1","74LS138"
"IC24","1","74LS138"
"IC25","1","74LS74"
"IC26","1","74LS132"
"IC27","1","MUX_D0840006PSC"
"IC28","1","27C512"
"IC30","1","74LS245"
"IC31","1","74LS374"
"IC32","1","GAL16V8"
"IC33","1","74LS174"
"IC34","1","74LS138"
"IC38","1","74LS273"
"IC39","1","74LS157"
"IC40","1","MSM5205"
"IC41","1","MCM2018A"
"IC42","1","74LS74"
"IC43","1","YM2413"
"IC44","1","74LS367"
"IC45","1","27C512"
"IC46","1","27C512"
"IC47","1","74LS273"
"IC48","1","74LS174"
"IC49","1","27C512"
"IC50","1","27C512"
"IC51","1","27C512"
"IC52","1","74LS166"
"IC53","1","74LS166"
"IC54","1","74LS166"
"IC55","1","74LS166"
"IC56","1","74LS153"
"IC57","1","74LS153"
"IC58","1","74LS153"
"IC59","1","74LS153"
"IC60","1","74LS153"
"IC61","1","74LS153"
"IC62","1","HY6264AxP"
"IC64","1","74LS245"
"IC65","1","74LS161"
"IC66","1","74LS161"
"IC67","1","74LS139"
"IC69","1","74LS74"
"IC70","1","74LS74"
"IC71","1","74LS74"
"IC72","1","74LS00"
"IC73","1","74LS166"
"IC74","1","74LS166"
"IC75","1","74LS166"
"IC76","1","74LS166"
"IC77","1","74LS157"
"IC78","1","27C512"
"IC79","1","27C512"
"IC80","1","27C512"
"IC81","1","27C512"
"IC82","1","74LS377"
"IC83","1","74LS153"
"IC84","1","74LS20"
"IC85","1","74LS368"
"IC86","1","74LS169"
"IC87","1","74LS169"
"IC88","1","74LS157"
"IC89","1","74LS157"
"IC90","1","74LS157"
"IC91","1","74LS283"
"IC92","1","74LS283"
"IC93","1","74LS245"
"IC94","1","27C512"
"IC95","1","27C512"
"IC96","1","74LS273"
"IC97","1","74LS244"
"IC98","1","74LS244"
"IC99","1","74LS298"
"IC100","1","74LS298"
"IC101","1","GAL16V8"
"IC102","1","74LS138"
"IC103","1","74LS158"
"IC104","1","MCM2018A"
"IC105","1","74LS163"
"IC106","1","74LS163"
"IC107","1","74LS163"
"IC108","1","74LS163"
"IC109","1","74LS163"
"IC110","1","74LS163"
"IC111","1","MCM2018A"
"IC112","1","74LS368"
"IC113","1","MCM2018A"
"IC114","1","74LS260"
"IC115","1","74LS174"
"IC116","1","74LS174"
"IC117","1","74LS378"
"IC118","1","74LS194"
"IC119","1","74LS194"
"IC120","1","74LS194"
"IC121","1","74LS194"
"IC122","1","74LS74"
"IC123","1","74LS32"
"IC124","1","27C512"
"IC125","1","27C512"
"IC126","1","74LS273"
"ic127","1","74LS163"
"IC128","1","74LS163"
"IC129","1","74LS257"
"IC130","1","74LS157"
"IC131","1","74LS157"
"IC132","1","74LS86"
"IC133","1","74LS245"
"IC134","1","MCM2018A"
"IC135","1","74LS74"
"IC136","1","74LS20"
"IC137","1","74LS08"
"IC138","1","74LS368"
"IC139","1","74LS00"
"IC140","1","74LS174"
"IC141","1","74LS245"
"IC142","1","74LS174"
"IC143","1","74LS112"
"IC144","1","MCM2018A"
"IC145","1","74LS32"
"IC146","1","74LS74"
"IC147","1","74LS157"
"ic148","1","74LS157"
"IC149","1","74LS158"
"J1","1","JAMMA Connector"
"R1","1","3.9k"
"R2","1","330"
"R3","1","100"
"R4","1","100"
"R5","1","1K"
"R6","1","1"
"R7","1","1K"
"R8","1","2.2"
"R10","1","10K"
"R11","1","10K"
"R12","1","22K"
"R13","1","330"
"R14","1","10K"
"R15","1","330"
"R18","1","47K"
"R19","1","4.7K"
"R20","1","10K"
"R21","1","2.2K"
"R22","1","4.7K"
"R23","1","10K"
"R24","1","2.2K"
"R25","1","47K"
"R50","1","11K"
"RN1","1","10K"
"RN2","1","10K"
"RN3","1","10K"
"RN4","1","10K"
"RN5","1","R_Network05"
"RN6","1","R_Network08"
"RN7","1","R_Network05"
"RN8","1","R_Network05"
"RV1","1","4.7K"
"SW1","1","SW_DIP_x08"
"U1","1","TDA2003"
"U2","1","LM324"
"Y1","1","12MHZ"
"Y3","1","400KHMUX_D"
"Y4","1","29.7MUX_D"
